Num.CMD,Date.CMD,Client,Adresse,Code Produit,Produit,Qte,Montant HT,Taxe,Montant TTC,Type Vente,Catégorie Produit,Wilaya,Forme Juridique,Mois,Année,Nom Mois,PU_Vente
SLSD/0001,2024-12-28,SARL ABC,"Cité 20 Aout, Alger",LAP.0120,Laptop HP Probook G4,4.0,500000.0,95000.0,595000.0,Direct,LAP,Alger,SARL,12,2024,December,125000.0
SLSD/0001,2024-12-28,SARL ABC,"Cité 20 Aout, Alger",PRI.0020,Printer Canon 6030,1.0,49000.0,9310.0,58310.0,Direct,PRI,Alger,SARL,12,2024,December,49000.0
SLSD/0001,2024-12-28,SARL ABC,"Cité 20 Aout, Alger",INK.0034,Toner Canon 6030,1.0,1800.0,342.0,2142.0,Direct,INK,Alger,SARL,12,2024,December,1800.0
SLSR/0002,2025-02-22,EURL XYZ,"Coopérative Rym, Blida",LAP.0011,Laptop Lenovo 110,1.0,89000.0,16910.0,105910.0,Retail,LAP,Blida,EURL,2,2025,February,89000.0
SLSR/0002,2025-02-22,EURL XYZ,"Coopérative Rym, Blida",PRI.0020,Printer Canon 6030,2.0,98000.0,18620.0,116620.0,Retail,PRI,Blida,EURL,2,2025,February,49000.0
SLSR/0002,2025-02-22,EURL XYZ,"Coopérative Rym, Blida",INK.0004,Toner Canon 6030,2.0,3600.0,684.0,4284.0,Retail,INK,Blida,EURL,2,2025,February,1800.0
SLSR/0002,2025-02-22,EURL XYZ,"Coopérative Rym, Blida",SCA.0002,Scanner Epson 1600,1.0,21000.0,3990.0,24990.0,Retail,SCA,Blida,EURL,2,2025,February,21000.0
SLSD/0003,2025-03-15,SARL AGRODZ,"Cité 310 logt Kouba, Alger",PRI.0011,Printer EPSON 3010,2.0,64000.0,12160.0,76160.0,Direct,PRI,Alger,SARL,3,2025,March,32000.0
SLSD/0003,2025-03-15,SARL AGRODZ,"Cité 310 logt Kouba, Alger",LAP.0120,Laptop HP Probook G4,1.0,125000.0,23750.0,148750.0,Direct,LAP,Alger,SARL,3,2025,March,125000.0
SLSG/0004,2025-03-28,SNC Wiffak,"Boulvard Nord, Sétif",INK.0001,INK Canon 3210,10.0,18000.0,3420.0,21420.0,Government,INK,Sétif,SNC,3,2025,March,1800.0
SLSD/0005,2025-03-28,EURL XYZ,"Coopérative Rym, Oran",LAP.0011,Laptop Lenovo 110,3.0,267000.0,50730.0,317730.0,Direct,LAP,Oran,EURL,3,2025,March,89000.0
SLSD/0005,2025-03-28,EURL XYZ,"Coopérative Rym, Oran",PRI.0011,Printer EPSON 3010,1.0,32000.0,6080.0,38080.0,Direct,PRI,Oran,EURL,3,2025,March,32000.0
SLSD/0005,2025-03-28,EURL XYZ,"Coopérative Rym, Oran",INK.0005,INK Epson 110,10.0,8000.0,1520.0,9520.0,Direct,INK,Oran,EURL,3,2025,March,800.0
SLSG/0006,2025-05-02,SARL ABC,"Cité 20 Aout, Alger",LAP.0120,Laptop HP Probook G4,2.0,250000.0,47500.0,297500.0,Government,LAP,Alger,SARL,5,2025,May,125000.0
SLSD/0007,2025-05-04,EURL HAMIDI,"Promotion Bahia, Oran",PRI.0020,Printer Canon 6030,2.0,98000.0,18620.0,116620.0,Direct,PRI,Oran,EURL,5,2025,May,49000.0
VCD/0008,2025-06-05,SARL ABC,"Cité 05 Juillet, Constantine",COMPU.0020,Laptop HP Probook G4,3.0,384000.0,72960.0,456960.0,Direct,COMPU,Constantine,SARL,6,2025,June,128000.0
VCD/0008,2025-06-05,SARL ABC,"Cité 05 Juillet, Constantine",IMPR.0002,Printer Canon 6030,2.0,100000.0,19000.0,119000.0,Direct,IMPR,Constantine,SARL,6,2025,June,50000.0
VCD/0008,2025-06-05,SARL ABC,"Cité 05 Juillet, Constantine",INK.0034,Toner Canon 6030,5.0,9500.0,1805.0,11305.0,Direct,INK,Constantine,SARL,6,2025,June,1900.0
VCR/0009,2025-06-12,EURL XYZ,"Coopérative Rym, Blida",COMPU.0011,Laptop Lenovo 110,2.0,182000.0,34580.0,216580.0,Retail,COMPU,Blida,EURL,6,2025,June,91000.0
VCR/0009,2025-06-12,EURL XYZ,"Coopérative Rym, Blida",IMPR.0007,Printer EPSON 3010,3.0,99000.0,18810.0,117810.0,Retail,IMPR,Blida,EURL,6,2025,June,33000.0
VCR/0009,2025-06-12,EURL XYZ,"Coopérative Rym, Blida",SCA.0002,Scanner Epson 1600,2.0,44000.0,8360.0,52360.0,Retail,SCA,Blida,EURL,6,2025,June,22000.0
VCD/0010,2025-06-18,SNC Wiffak,"Boulvard Nord, Sétif",INK.0001,INK Canon 3210,15.0,28500.0,5415.0,33915.0,Direct,INK,Sétif,SNC,6,2025,June,1900.0
VCD/0010,2025-06-18,SNC Wiffak,"Boulvard Nord, Sétif",INK.0005,INK Epson 110,20.0,17000.0,3230.0,20230.0,Direct,INK,Sétif,SNC,6,2025,June,850.0
VCD/0011,2025-06-25,EURL HAMIDI,"Promotion Bahia, Oran",COMPU.0020,Laptop HP Probook G4,2.0,256000.0,48640.0,304640.0,Direct,COMPU,Oran,EURL,6,2025,June,128000.0
VCD/0011,2025-06-25,EURL HAMIDI,"Promotion Bahia, Oran",IMPR.0002,Printer Canon 6030,3.0,150000.0,28500.0,178500.0,Direct,IMPR,Oran,EURL,6,2025,June,50000.0
VCD/0012,2025-07-03,SARL AGRODZ,"Cité 310 logt Kouba, Alger",COMPU.0020,HP Probook G4 New Edition,4.0,512000.0,97280.0,609280.0,Direct,COMPU,Alger,SARL,7,2025,July,128000.0
VCD/0012,2025-07-03,SARL AGRODZ,"Cité 310 logt Kouba, Alger",IMPR.0007,Printer EPSON 3010,2.0,68000.0,12920.0,80920.0,Direct,IMPR,Alger,SARL,7,2025,July,34000.0
VCR/0013,2025-07-10,EURL NOUR ,"Cité des Frères, Constantine",COMPU.0020,HP Probook G4 New Edition,3.0,384000.0,72960.0,456960.0,Retail,COMPU,Constantine,EURL,7,2025,July,128000.0
VCR/0013,2025-07-10,EURL NOUR,"Cité des Frères, Constantine",IMPR.0002,Printer Canon 6030,4.0,200000.0,38000.0,238000.0,Retail,IMPR,Constantine,EURL,7,2025,July,50000.0
VCR/0013,2025-07-10,EURL NOUR,"Cité des Frères, Constantine",INK.0034,Toner Canon 6030,8.0,15200.0,2888.0,18088.0,Retail,INK,Constantine,EURL,7,2025,July,1900.0
VCD/0014,2025-07-17,SARL ABC,"Cité 05 Juillet, Constantine",COMPU.0011,Laptop Lenovo 110,3.0,273000.0,51870.0,324870.0,Direct,COMPU,Constantine,SARL,7,2025,July,91000.0
VCD/0014,2025-07-17,SARL ABC,"Cité 05 Juillet, Constantine",SCA.0002,Scanner Epson 1600,3.0,66000.0,12540.0,78540.0,Direct,SCA,Constantine,SARL,7,2025,July,22000.0
VCG/0015,2025-07-24,SARL DIGITAL ,"Rue Didouche, Tizi Ouzou",IMPR.0007,Printer EPSON 3010,5.0,170000.0,32300.0,202300.0,Government,IMPR,Tizi Ouzou,SARL,7,2025,July,34000.0
VCG/0015,2025-07-24,SARL DIGITAL,"Rue Didouche, Tizi Ouzou",INK.0005,INK Epson 110,30.0,25500.0,4845.0,30345.0,Government,INK,Tizi Ouzou,SARL,7,2025,July,850.0
VCG/0015,2025-07-24,SARL DIGITAL,"Rue Didouche, Tizi Ouzou",INK.0001,INK Canon 3210,20.0,38000.0,7220.0,45220.0,Government,INK,Tizi Ouzou,SARL,7,2025,July,1900.0
VCD/0016,2025-07-30,EURL XYZ,"Rue 05 Elhamri, Oran",COMPU.0020,HP Probook G4 New Edition,2.0,256000.0,48640.0,304640.0,Direct,COMPU,Oran,EURL,7,2025,July,128000.0
VCD/0017,2025-08-05,SNC Wiffak,"Boulvard Nord, Sétif",COMPU.0020,HP Probook G4 New Edition,5.0,640000.0,121600.0,761600.0,Direct,COMPU,Sétif,SNC,8,2025,August,128000.0
VCD/0017,2025-08-05,SNC Wiffak,"Boulvard Nord, Sétif",IMPR.0002,Printer Canon 6030,6.0,300000.0,57000.0,357000.0,Direct,IMPR,Sétif,SNC,8,2025,August,50000.0
VCD/0017,2025-08-05,SNC Wiffak,"Boulvard Nord, Sétif",INK.0034,Toner Canon 6030,12.0,22800.0,4332.0,27132.0,Direct,INK,Sétif,SNC,8,2025,August,1900.0
VCR/0018,2025-08-12,EURL HAMIDI,"Promotion Bahia, Oran",COMPU.0011,Laptop Lenovo 110,4.0,372000.0,70680.0,442680.0,Retail,COMPU,Oran,EURL,8,2025,August,93000.0
VCR/0018,2025-08-12,EURL HAMIDI,"Promotion Bahia, Oran",IMPR.0007,Printer EPSON 3010,3.0,102000.0,19380.0,121380.0,Retail,IMPR,Oran,EURL,8,2025,August,34000.0
VCD/0019,2025-08-19,SARL TECHNO ,"Zone Industrielle, Blida",COMPU.0020,HP Probook G4 New Edition,6.0,768000.0,145920.0,913920.0,Direct,COMPU,Blida,SARL,8,2025,August,128000.0
VCD/0019,2025-08-19,SARL TECHNO,"Zone Industrielle, Blida",IMPR.0002,Printer Canon 6030,8.0,400000.0,76000.0,476000.0,Direct,IMPR,Blida,SARL,8,2025,August,50000.0
VCD/0019,2025-08-19,SARL TECHNO,"Zone Industrielle, Blida",SCA.0002,Scanner Epson 1600,4.0,90000.0,17100.0,107100.0,Direct,SCA,Blida,SARL,8,2025,August,22500.0
VCR/0020,2025-08-25,SARL AGRODZ,"Cité 310 logt Kouba, Alger",COMPU.0011,Laptop Lenovo 110,3.0,279000.0,53010.0,332010.0,Retail,COMPU,Alger,SARL,8,2025,August,93000.0
VCR/0020,2025-08-25,SARL AGRODZ,"Cité 310 logt Kouba, Alger",INK.0001,INK Canon 3210,25.0,47500.0,9025.0,56525.0,Retail,INK,Alger,SARL,8,2025,August,1900.0
VCR/0020,2025-08-25,SARL AGRODZ,"Cité 310 logt Kouba, Alger",INK.0005,INK Epson 110,25.0,21250.0,4037.5,25287.5,Retail,INK,Alger,SARL,8,2025,August,850.0
VCD/0021,2025-08-29,EURL XYZ,"Rue 05 Elhamri, Oran",COMPU.0020,HP Probook G4 New Edition,4.0,512000.0,97280.0,609280.0,Direct,COMPU,Oran,EURL,8,2025,August,128000.0
